character_id,movie_id,character_name,occourences,word_count,gender
207010,100853,professor liepsky,11,315,unknown
207011,100854,butch,273,4900,male
207012,100854,red,173,2889,male
207013,100854,phillip,114,960,male
207014,100854,sally,96,1225,female
207015,100854,adler,65,1067,male
207016,100854,jerry,50,905,male
207017,100854,suttle,19,227,male
207018,100854,lottie,17,249,female
207019,100854,hendricks,17,182,male
207020,100855,charlie,197,2288,male
207021,100855,patrick,102,1948,male
207022,100855,sam,95,1467,male
207023,100855,charlie (v.o.),56,1884,unknown
207024,100855,mary elizabeth,49,763,unknown
207025,100855,candace,19,289,female
207026,100855,bill,18,320,male
207027,100855,father,15,261,male
207028,100855,patrick (cont'd),14,302,unknown
207029,100856,louis,220,3056,male
207030,100856,jud,130,2572,female
207031,100856,rachel,74,961,female
207032,100856,ellie,71,898,female
207033,100856,ext.  louis,38,596,unknown
207034,100856,pascow,23,389,unknown
207035,100856,int.  louis,14,343,unknown
207036,100856,gage,10,128,male
207037,100856,irwin,9,215,male
207038,100857,chase,94,1768,male
207039,100857,geoff,87,1358,male
207040,100857,drew,66,1425,male
207041,100857,gus,65,2006,male
207042,100857,clyde,47,1666,male
207043,100857,renee,27,775,female
207044,100857,marjorie,23,489,female
207045,100857,amanda,22,632,female
207046,100857,yolander,8,284,female
207047,100858,archie,264,2479,male
207048,100858,petulia,199,2474,female
207049,100858,david,54,824,male
207050,100858,0,40,388,unknown
207051,100858,polo,34,439,male
207052,100858,â¢,31,248,unknown
207053,100858,barney,24,249,male
207054,100858,mike,22,175,male
207055,100858,wilma,18,247,female
207056,100859,andrew,232,3056,male
207057,100859,joe,195,2833,male
207058,100859,wheeler,45,939,male
207059,100859,miguel,44,622,male
207060,100859,belinda,40,518,female
207061,100859,seidman,31,419,unknown
207062,100859,andrew (cont.),27,577,unknown
207063,100859,kenton,26,205,male
207064,100859,judge garnett,24,473,unknown
207065,100860,stu,410,4924,male
207066,100860,voice,283,4538,male
207067,100860,ramey,77,1012,male
207068,100860,leon,33,448,male
207069,100860,mavis' voice,31,250,unknown
207070,100860,felicia,29,464,female
207071,100860,kelly's voice,25,203,unknown
207072,100860,mario,17,138,male
207073,100860,sergeant,16,192,male
207074,100861,max,228,1941,male
207075,100861,lenny meyer,67,839,unknown
207076,100861,sol,52,897,female
207077,100861,marcy dawson,42,950,unknown
207078,100861,max (v.o.),20,881,unknown
207079,100861,rav cohen,14,466,unknown
207080,100861,devi,14,125,female
207081,100861,devi (o.s.),11,64,unknown
207082,100861,jenna,10,72,female
207083,100862,szpilman,152,1680,male
207084,100862,henryk,46,811,male
207085,100862,dorota,30,420,female
207086,100862,father,30,734,male
207087,100862,mother,25,265,female
207088,100862,halina,19,273,female
207089,100862,jehuda,19,490,male
207090,100862,regina,17,290,female
207091,100862,michal,14,323,male
207092,100863,stewart,111,4644,male
207093,100863,baines,89,4446,male
207094,100863,flora,74,3666,female
207095,100863,aunt morag,36,1212,unknown
207096,100863,subtitled,22,531,unknown
207097,100863,hira,18,743,female
207098,100863,unsubtitled,12,215,unknown
207099,100863,nessie,10,163,female
207100,100863,big sister,8,186,unknown
207101,100864,dale,303,3163,male
207102,100864,saul,264,3036,male
207103,100864,red,52,783,male
207104,100864,saul (cont'd),35,365,unknown
207105,100864,angie,30,290,female
207106,100864,dale (cont'd),22,235,unknown
207107,100864,matheson,18,109,male
207108,100864,budlofsky,18,112,unknown
207109,100864,ted,17,272,male
207110,100865,jack,162,3169,male
207111,100865,elizabeth,95,1473,female
207112,100865,will,90,1455,male
207113,100865,barbossa,72,1670,male
207114,100865,norrington,59,1230,unknown
207115,100865,jack (cont'd),40,1099,unknown
207116,100865,gibbs,31,778,male
207117,100865,barbossa (cont'd),22,759,unknown
207118,100865,murtogg,22,153,unknown
207119,100866,jack sparrow,193,2373,unknown
207120,100866,will turner,131,1234,unknown
207121,100866,elizabeth swann,91,851,unknown
207122,100866,gibbs,82,874,male
207123,100866,davy jones,45,601,unknown
207124,100866,pintel,37,319,female
207125,100866,ragetti,28,308,male
207126,100866,norrington,28,374,unknown
207127,100866,tia dalma,26,416,unknown
207128,100867,fry,195,2272,male
207129,100867,johns,129,1697,male
207130,100867,riddick,119,1884,male
207131,100867,imam,51,757,male
207132,100867,paris,43,556,male
207133,100867,audrey,32,400,female
207134,100867,shazza,22,396,female
207135,100867,owens,16,219,male
207136,100867,zeke,9,162,male
207137,100868,taylor,188,3805,male
207138,100868,zira,116,1689,female
207139,100868,zaius,84,1699,male
207140,100868,cornelius,71,1166,male
207141,100868,lucius,28,426,male
207142,100868,julius,27,538,male
207143,100868,landon,27,266,male
207144,100868,president,25,430,male
207145,100868,dodge,23,220,male
207146,100869,genres,1,1,male
207147,100869,writers,1,1,male
207148,100870,chris,93,2541,male
207149,100870,elias,56,1485,male
207150,100870,barnes,54,1421,male
207151,100870,rhah,51,1165,male
207152,100870,king,50,1055,male
207153,100870,o'neill,31,651,male
207154,100870,francis,26,364,male
207155,100870,junior,26,551,male
207156,100870,wolfe,25,436,male
207157,100871,david,290,3555,male
207158,100871,jennifer,146,1964,female
207159,100871,betty,62,630,female
207160,100871,mr. johnson,60,802,unknown
207161,100871,dick van dyke,58,815,unknown
207162,100871,bob,45,731,male
207163,100871,george,41,475,male
207164,100871,david (cont),40,722,unknown
207165,100871,biff,35,476,male
207166,100872,utah,208,4362,male
207167,100872,bodhi,108,3528,male
207168,100872,pappas,101,2674,male
207169,100872,tyler,43,1137,male
207170,100872,harp,22,476,male
207171,100872,roach,13,341,male
207172,100872,grommet,12,399,female
207173,100872,reagan,8,260,male
207174,100872,bunker,8,103,male
207175,100873,---------------------------------------------,8,980,unknown
207176,100873,--------------------------------------------------------,6,554,unknown
207177,100873,------------------------------------------,2,136,unknown
207178,100873,----------------------------------------------------,2,241,unknown
207179,100873,pika!,1,89,unknown
207180,100873,genres,1,1,male
207181,100873,meowth?!,1,277,unknown
207182,100873,help! help!,1,70,unknown
207183,100873,writers,1,1,male
207184,100874,the postman,351,6695,unknown
207185,100874,bethlehem,129,2984,female
207186,100874,abby,70,1517,female
207187,100874,ford,64,1031,male
207188,100874,briscoe,33,536,male
207189,100874,idaho,23,710,male
207190,100874,b.c. mayor,22,332,unknown
207191,100874,bandit #20,21,270,unknown
207192,100874,gibbs,17,180,male
207193,100875,pk,340,4184,male
207194,100875,morrie,102,1545,male
207195,100875,maria,71,944,female
207196,100875,doc,67,1560,male
207197,100875,solly,51,1246,male
207198,100875,pk (v.o.),35,1591,unknown
207199,100875,st. john,30,447,unknown
207200,100875,geel piet,25,475,unknown
207201,100875,von zyl,22,515,unknown
207202,100876,precious,209,2994,female
207203,100876,ms. rain,111,1845,unknown
207204,100876,precious (v.o.),76,2641,unknown
207205,100876,mary,47,996,female
207206,100876,cornrows,32,446,unknown
207207,100876,ms. weiss,29,384,unknown
207208,100876,jermaine,22,327,male
207209,100876,mrs. lichenstein,18,208,unknown
207210,100876,jo ann,16,176,unknown
207211,100877,schaefer,107,2176,female
207212,100877,dillon,65,1905,male
207213,100877,mac,30,1096,male
207214,100877,ramirez,28,733,male
207215,100877,*,20,147,unknown
207216,100877,billy,16,327,male
207217,100877,philips,11,394,male
207218,100877,blain,9,296,male
207219,100877,hawkins,8,146,male
207220,100878,angier,214,2384,female
207221,100878,borden,142,1725,male
207222,100878,cutter,125,1626,male
207223,100878,olivia,69,783,female
207224,100878,sarah,43,475,female
207225,100878,borden (cont'd),42,773,unknown
207226,100878,angier (cont'd),37,866,unknown
207227,100878,alley,29,478,male
207228,100878,cutter (cont'd),20,281,unknown
207229,100879,vivian,323,4914,female
207230,100879,edward,294,4598,male
207231,100879,stuckey,84,1512,unknown
207232,100879,mr. thomas,39,821,unknown
207233,100879,kit,39,692,male
207234,100879,kross,23,503,male
207235,100879,david,17,338,male
207236,100879,saleswoman,11,148,unknown
207237,100879,jake,8,93,male
207238,100880,edward,465,8445,male
207239,100880,vivian,438,7515,female
207240,100880,philip,123,2564,male
207241,100880,kit,89,1472,male
207242,100880,barney,68,1085,male
207243,100880,lyrics,62,2078,male
207244,100880,james morse,25,495,unknown
207245,100880,hollister,23,515,male
207246,100880,carlos,12,111,male
207247,100881,elizabeth,294,3837,female
207248,100881,darcy,96,1348,male
207249,100881,mrs bennet,90,1724,unknown
207250,100881,â¢,78,578,unknown
207251,100881,mr bennet,56,880,unknown
207252,100881,jane,53,644,female
207253,100881,lydia,46,664,female
207254,100881,charlotte,34,468,female
207255,100881,lady catherine,32,651,unknown
207256,100882,priest,159,2439,male
207257,100882,hicks,114,2068,male
207258,100882,priestess,55,797,female
207259,100882,(beat),32,595,unknown
207260,100882,black hat,25,431,unknown
207261,100882,aaron,25,370,male
207262,100882,hicks (cont'd),24,505,unknown
207263,100882,koeppen,13,284,female
207264,100882,old man,12,328,unknown
207265,100883,inigo,161,2544,male
207266,100883,buttercup,95,1393,female
207267,100883,westley,95,1726,male
207268,100883,fezzik,74,985,unknown
207269,100883,vizzini,73,1567,male
207270,100883,humperdinck,62,1116,female
207271,100883,grandfather,50,922,male
207272,100883,the kid,40,364,unknown
207273,100883,miracle max,30,480,unknown
207274,100884,holmes,361,6072,male
207275,100884,watson,275,4241,male
207276,100884,gabrielle,107,1372,female
207277,100884,mycroft,80,1395,male
207278,100884,rogozhin,59,807,male
207279,100884,mrs. hudson,33,438,unknown
207280,100884,queen victoria,30,507,unknown
207281,100884,petrova,15,139,female
207282,100884,watson's voice,12,525,unknown
207283,100885,bialystock,279,3440,unknown
207284,100885,bloom,154,1917,female
207285,100885,liebkind,103,1293,unknown
207286,100885,de bris,40,565,unknown
207287,100885,lsd,20,206,male
207288,100885,carmen,14,140,female
207289,100885,ulla,13,82,female
207290,100885,drunk,10,110,male
207291,100885,resume action.,9,0,unknown
207292,100886,winters,131,3894,male
207293,100886,joe,129,2718,male
207294,100886,darnell,98,1829,male
207295,100886,camille,66,1149,female
207296,100886,autumn,60,864,female
207297,100886,alvin,42,960,male
207298,100886,lattimer,23,534,male
207299,100886,bud,16,243,male
207300,100886,clayton,16,254,male
207301,100887,kim,109,808,female
207302,100887,(continuing),69,1260,unknown
207303,100887,wendy,46,385,female
207304,100887,hammond,43,229,male
207305,100887,jude,29,172,male
207306,100887,henri-anne,26,90,unknown
207307,100887,lou,26,257,female
207308,100887,kelly,25,239,female
207309,100887,alex,23,171,male
207310,100888,watts,137,1945,male
207311,100888,holloway,99,1788,male
207312,100888,janek,58,826,male
207313,100888,david,47,1021,male
207314,100888,vickers,31,441,male
207315,100888,holloway (cont'd),16,436,unknown
207316,100888,milburn,15,285,male
207317,100888,david (cont'd),15,383,unknown
207318,100888,fifield,15,196,male
207319,100889,daggett,264,3549,male
207320,100889,katherine,200,2950,female
207321,100889,gabriel,137,3327,male
207322,100889,mary,46,490,female
207323,100889,simon,34,609,male
207324,100889,john,34,695,male
207325,100889,jerry,28,346,male
207326,100889,coroner,28,441,male
207327,100889,sheriff,25,377,male
207328,100890,margaret,358,4904,female
207329,100890,richard,342,4346,male
207330,100890,geoffrey,70,1026,male
207331,100890,mr. gilbertson,57,936,unknown
207332,100890,gertrude,56,791,female
207333,100890,debbie,51,869,female
207334,100890,grandma annie,31,795,unknown
207335,100890,handsome man,14,207,unknown
207336,100890,annie,10,201,female
207337,100891,sam,165,3106,male
207338,100891,norman,116,2715,male
207339,100891,lila,109,1707,female
207340,100891,mary,98,1257,female
207341,100891,arbogast,54,986,male
207342,100891,sheriff,31,591,male
207343,100891,mrs. chambers,19,373,unknown
207344,100891,car dealer,17,618,unknown
207345,100891,patrolman,14,313,unknown
207346,100892,dillinger,190,2674,male
207347,100892,purvis,77,933,male
207348,100892,billie,69,903,female
207349,100892,(beat),40,820,unknown
207350,100892,hoover,33,516,male
207351,100892,winstead,29,302,male
207352,100892,dillinger (cont'd),18,221,unknown
207353,100892,karpis,17,241,male
207354,100892,hamilton,17,301,male
207355,100893,vincent,251,3377,male
207356,100893,jules,205,3739,male
207357,100893,butch,131,2148,male
207358,100893,fabienne,87,1012,female
207359,100893,mia,80,1476,female
207360,100893,lance,46,906,male
207361,100893,the wolf,46,1207,unknown
207362,100893,pumpkin,34,384,female
207363,100893,young man,27,823,unknown
207364,100894,barry,411,4817,male
207365,100894,lena,128,1214,female
207366,100894,elizabeth,61,725,female
207367,100894,sexy voice,60,602,unknown
207368,100894,dean,30,595,male
207369,100894,david,25,297,male
207370,100894,lance,22,135,male
207371,100894,kathleen,19,129,female
207372,100894,manager,18,117,male
207373,100895,vanity,149,2734,female
207374,100895,morris,134,2430,male
207375,100895,prince,126,3112,male
207376,100895,jerome,48,325,male
207377,100895,billy,33,544,male
207378,100895,jill,26,601,female
207379,100895,mother,25,571,female
207380,100895,-,18,0,male
207381,100895,father,16,308,male
207382,100896,pentcho,44,695,male
207383,100896,mia,28,331,female
207384,100896,alexander,13,217,male
207385,100896,pentcho (cont'd),8,123,unknown
207386,100896,alexander (cont'd),5,124,unknown
207387,100896,voice,4,99,male
207388,100896,will,4,100,male
207389,100896,jacque,3,39,male
207390,100896,mia (cont'd),3,97,unknown
207391,100897,lestat,165,3301,male
207392,100897,jesse,127,3154,male
207393,100897,marius,79,2068,male
207394,100897,akasha,48,1545,female
207395,100897,maharet,46,1052,female
207396,100897,talbot,33,747,male
207397,100897,lestat (v.o.),16,718,unknown
207398,100897,roger,15,285,male
207399,100897,groupie #1,12,107,unknown
207400,100898,elizabeth,177,1900,female
207401,100898,tony,144,1436,male
207402,100898,prince philip,47,422,unknown
207403,100898,janvrin,38,503,female
207404,100898,charles,33,468,male
207405,100898,cherie,27,330,female
207406,100898,alastair,21,224,male
207407,100898,queen mother,17,257,unknown
207408,100898,t,11,168,male
207409,100899,kym,234,2693,female
207410,100899,rachel,150,1911,female
207411,100899,paul,113,1133,male
207412,100899,abby,66,651,female
207413,100899,kieran,47,592,male
207414,100899,emma,40,468,female
207415,100899,sidney,35,385,male
207416,100899,carol,25,202,female
207417,100899,(more),15,0,unknown
207418,100900,jake,244,4483,male
207419,100900,joey,135,1946,male
207420,100900,vickie,91,977,female
207421,100900,jake (cont'd),45,1706,unknown
207422,100900,salvy,13,189,male
207423,100900,joey (cont'd),13,147,unknown
207424,100900,como,10,349,male
207425,100900,reporter,10,125,male
207426,100900,irma,9,116,female
207427,100901,hi,185,2602,male
207428,100901,ed,111,1469,male
207429,100901,voice over,108,2650,unknown
207430,100901,gale,68,1391,female
207431,100901,nathan,64,1171,male
207432,100901,evelle,58,769,female
207433,100901,glen,50,964,male
207434,100901,dot,17,336,female
207435,100901,back to hi,15,144,unknown
207436,100902,daddy,237,4866,male
207437,100902,rose,198,4181,female
207438,100902,mother,166,3402,female
207439,100902,buddy,141,1720,male
207440,100902,willcox hillyer,50,759,unknown
207441,100902,doll,40,492,female
207442,100902,dr. martinson,27,714,unknown
207443,100902,dave wilkie,24,889,unknown
207444,100902,daddy (cont'd),15,427,unknown
207445,100903,rambo,149,1697,male
207446,100903,brewer,117,1874,male
207447,100903,trautman,58,825,male
207448,100903,kirkhill,57,1045,unknown
207449,100903,co,45,894,male
207450,100903,de fravio,24,349,unknown
207451,100903,podovsk,22,660,unknown
207452,100903,doyle,19,241,male
207453,100903,man,11,291,male
207454,100904,michael,187,1842,male
207455,100904,hanna,112,747,female
207456,100904,judge,61,754,male
207457,100904,rohl,37,357,unknown
207458,100904,ilana,31,519,female
207459,100904,dieter,24,290,male
207460,100904,julia,22,114,female
207461,100904,carla,16,92,female
207462,100904,marthe,12,101,female
207463,100905,genres,1,1,male
207464,100905,writers,1,1,male
207465,100905,5r5fade out,1,0,unknown
207466,100906,jeff,375,6669,male
207467,100906,lisa,189,3296,female
207468,100906,stella,106,2221,female
207469,100906,doyle,90,1589,male
207470,100906,gunnison,31,311,male
207471,100906,semi-long shot,19,390,unknown
207472,100906,thorwald,14,186,male
207473,100906,fade in:,10,0,unknown
207474,100906,fade out:,9,0,unknown
207475,100907,jim,274,4235,male
207476,100907,judy,112,1369,female
207477,100907,plato,107,1771,male
207478,100907,father,75,1186,male
207479,100907,ray,58,734,male
207480,100907,buzz,55,1609,male
207481,100907,mother,41,629,female
207482,100907,crunch,25,773,male
207483,100907,judy's father,22,767,unknown
207484,100908,genres,1,1,male
207485,100908,writers,1,1,male
207486,100909,isabelle,200,3158,female
207487,100909,solomon,77,2205,male
207488,100909,grandmother,71,1808,female
207489,100909,peter,54,911,male
207490,100909,henri,50,856,male
207491,100909,roxanne,39,786,female
207492,100909,cesaire,37,816,male
207493,100909,suzette,30,500,female
207494,100909,attewater,29,430,unknown
207495,100910,rudy,321,5531,male
207496,100910,gabriel,166,3071,male
207497,100910,ashley,157,2429,female
207498,100910,nick,67,1420,male
207499,100910,merlin,38,603,male
207510,100911,jonathan,42,907,male
207511,100911,ippolito,21,501,male
207512,100911,larry,20,393,male
207513,100912,tyler,253,2023,male
207514,100912,ally,195,1363,female
207515,100912,aidan,114,1123,male
207516,100912,charles,59,512,male
207517,100912,caroline,47,364,female
207518,100912,craig,43,330,male
207519,100912,diane,37,407,female
207520,100912,janine,19,128,female
207521,100912,tyler v/o,18,165,unknown
207522,100913,shane,161,2481,male
207523,100913,annabelle,56,811,female
207524,100913,o'neil,33,672,male
207525,100913,on shane,29,473,unknown
207526,100913,martel,17,336,male
207527,100913,(v.o.),16,293,unknown
207528,100913,lee,16,258,male
207529,100913,evans,15,205,male
207530,100913,jamal,14,255,male
207531,100914,otto,179,1750,male
207532,100914,bud,91,1601,male
207533,100914,marlene,40,254,female
207534,100914,leila,39,431,female
207535,100914,lite,38,440,male
207536,100914,oly,31,394,female
207537,100914,duke,29,318,male
207538,100914,kevin,28,330,male
207539,100914,plettschner,26,255,unknown
207540,100915,the characters:,1,84,unknown
207541,100915,the end,1,22,unknown
207542,100915,genres,1,1,male
207543,100915,writers,1,1,male
207544,100915,no!,1,3244,unknown
207545,100916,mr. white,144,2420,unknown
207546,100916,mr. pink,112,2594,unknown
207547,100916,eddie,76,2125,male
207548,100916,joe,73,1935,male
207549,100916,freddy,45,1241,male
207550,100916,mr. orange,37,654,unknown
207551,100916,mr. blonde,34,747,unknown
207552,100916,holdaway,31,725,unknown
207553,100916,vic,20,336,male
207554,100917,wesker,103,1201,male
207555,100917,chris,101,861,male
207556,100917,jill,72,539,female
207557,100917,ada,43,502,female
207558,100917,barry,40,376,male
207559,100917,rodriguez,26,181,male
207560,100917,rebecca,23,159,female
207561,100917,speyer,18,137,female
207562,100917,vickers,16,133,male
207563,100918,will,161,2943,male
207564,100918,diamond,113,1963,female
207565,100918,aragorn,40,685,male
207566,100918,strider,35,1073,male
207567,100918,will (cont'd),30,682,unknown
207568,100918,diamond (cont'd),21,537,unknown
207569,100918,drak,16,422,male
207570,100918,kip,15,287,male
207571,100918,caretaker,15,261,male
207572,100919,fitzgerald,84,1726,male
207573,100919,glass,67,1236,male
207574,100919,henry,59,939,male
207575,100919,bridger,42,812,male
207576,100919,fitzgerald (cont'd),29,849,unknown
207577,100919,glass (cont'd),21,386,unknown
207578,100919,runty man,17,277,unknown
207579,100919,pig,16,234,male
207580,100919,spotted horse,13,357,unknown
207581,100920,frank,205,2377,male
207582,100920,april,163,1936,female
207583,100920,frank (cont'd),41,646,unknown
207584,100920,shep,38,228,male
207585,100920,mrs. givings,36,579,unknown
207586,100920,john,31,451,male
207587,100920,april (cont'd),26,532,unknown
207588,100920,milly,25,221,female
207589,100920,john (cont'd),18,321,unknown
207590,100921,asakawa,143,3004,male
207591,100921,ryuji,104,2956,male
207592,100921,masami,19,477,female
207593,100921,tomoko,18,256,female
207594,100921,yoichi,12,176,male
207595,100921,yamamura,11,301,male
207596,100921,kouichi,10,245,male
207597,100921,kazue,10,269,female
207598,100921,okazaki,8,126,male
207599,100922,jack,195,3554,male
207600,100922,north,121,2370,male
207601,100922,bunnymund,95,1712,unknown
207602,100922,pitch,69,1926,male
207603,100922,jamie,60,1091,male
207604,100922,tooth,57,952,female
207605,100922,(walla),47,1077,unknown
207606,100922,(beat),24,631,unknown
207607,100922,pitch (cont'd),16,467,unknown
207608,100923,will,171,2366,male
207609,100923,stewart,46,603,male
207610,100923,will (cont'd),40,381,unknown
207611,100923,caesar,32,150,male
207612,100923,jacobs,30,489,male
207613,100923,dodge,28,382,male
207614,100923,franklin,20,415,male
207615,100923,0,19,0,unknown
207616,100923,dodge (cont'd),15,261,unknown
207617,100924,welles,229,3112,male
207618,100924,mank,123,1755,male
207619,100924,hearst,84,1112,male
207620,100924,marion,76,902,female
207621,100924,schaefer,75,907,female
207622,100924,louella,37,397,female
207623,100924,mayer,33,357,male
207624,100924,toland,11,86,male
207625,100924,carole lombard,6,27,unknown
207626,100925,man.,343,4832,unknown
207627,100925,boy.,269,2397,unknown
207628,100925,man. (cont'd),58,1211,unknown
207629,100925,veteran.,32,326,unknown
207630,100925,woman.,28,396,unknown
207631,100925,old man.,26,361,unknown
207632,100925,thief.,11,157,unknown
207633,100925,boy. (cont'd),11,95,unknown
207634,100925,gang member.,11,205,unknown
207635,100926,robin,310,5248,male
207636,100926,aslan,106,1659,male
207637,100926,nottingham,84,1426,male
207638,100926,little john,67,1149,unknown
207639,100926,marian,63,1115,male
207640,100926,friar,59,1032,male
207641,100926,will scarlet,50,782,unknown
207642,100926,gisborne,40,521,male
207643,100926,duncan,26,336,male
207644,100928,goodspeed,168,2767,male
207645,100928,mason,135,2339,male
207646,100928,hummel,72,1413,male
207647,100928,sanchez,34,363,male
207648,100928,commander anderson,33,873,unknown
207649,100928,(v.o.),26,477,unknown
207650,100928,carla,21,261,female
207651,100928,general kramer,20,338,unknown
207652,100928,captain darrow,18,236,unknown
207653,100929,one two,96,1475,unknown
207654,100929,lenny cole,85,1985,unknown
207655,100929,archy,64,1065,male
207656,100929,mumbles,61,1010,male
207657,100929,johnny story,50,1128,unknown
207658,100929,uri,39,835,male
207659,100929,stella,36,730,female
207660,100929,handsome bob,26,508,unknown
207661,100929,roman,23,327,male
207662,100930,rocky,331,4177,male
207663,100930,mickey,90,1339,male
207664,100930,adrian,88,713,male
207665,100930,paulie,78,1107,male
207666,100930,apollo,54,917,male
207667,100930,another angle,48,1207,unknown
207668,100930,jergens,24,266,female
207669,100930,trainer,22,236,male
207670,100930,gazzo,21,384,male
207671,100931,frank,93,2170,male
207672,100931,brad,90,1579,male
207673,100931,janet,88,1129,female
207674,100931,wipe to,35,3,unknown
207675,100931,riff raff,33,454,unknown
207676,100931,guests,30,376,unknown
207677,100931,narrator,17,604,male
207678,100931,dr. scott,16,318,unknown
207679,100931,rocky,14,278,male
207680,100933,sam,194,3878,male
207681,100933,vincent,163,3458,male
207682,100933,deirdre,89,2985,female
207683,100933,gregor,59,1433,male
207684,100933,larry,39,884,male
207685,100933,seamus,37,1135,male
207686,100933,swede,23,709,male
207687,100933,jean-pierre,21,499,male
207688,100933,tony,19,508,male
207689,100934,ma,286,4493,female
207690,100934,jack,234,2142,male
207691,100934,ma (cont'd),71,1178,unknown
207692,100934,nancy,65,726,female
207693,100934,officer parker,30,331,unknown
207694,100934,leo,27,368,male
207695,100934,robert,19,270,male
207696,100934,jack (cont'd),19,189,unknown
207697,100934,old nick,19,211,unknown
207698,100935,sara,319,3808,female
207699,100935,rebecca,202,2872,female
207700,100935,stephen,83,904,male
207701,100935,tracy,42,819,female
207702,100935,professor roberts,38,674,unknown
207703,100935,(beat),29,402,unknown
207704,100935,irene,29,297,female
207705,100935,jason (o.s.),12,124,unknown
207706,100935,jeff,9,144,male
207707,100936,clay,237,4086,male
207708,100936,mary,192,3397,female
207709,100936,steve,131,2264,male
207710,100936,helen,75,1656,female
207711,100936,another angle,51,1077,unknown
207712,100936,med. shot,47,1423,unknown
207713,100936,lednov,40,561,male
207714,100936,dissolve,31,0,female
207715,100936,med. close,29,489,unknown
207716,100937,jeff,240,6760,male
207717,100937,amy,152,2671,female
207718,100937,stacy,129,2793,female
207719,100937,eric,124,2153,male
207720,100937,mathias,31,501,male
207721,100937,any,14,371,female
207722,100937,stacy (o.s.),14,227,unknown
207723,100937,jeff (o.s.),12,159,unknown
207724,100937,driver,6,190,male
207725,100938,maggie,241,5152,female
207726,100938,ike,236,4589,male
207727,100938,peggy,68,1352,female
207728,100938,bob,38,1169,male
207729,100938,fisher,25,484,male
207730,100938,ellie,21,491,female
207731,100938,walter,19,392,male
207732,100938,angle on:,18,504,unknown
207733,100938,mrs. trout,17,377,unknown
207734,100939,james,182,2759,male
207735,100939,niki,144,3096,female
207736,100939,hesketh,38,596,male
207737,100939,suzy,34,456,female
207738,100939,marlene,30,485,female
207739,100939,caldwell,24,325,male
207740,100939,bubbles,19,316,female
207741,100939,nurse,17,183,female
207742,100939,mayer,16,294,male
207743,100940,carson,189,3260,male
207744,100940,miranda,86,1185,female
207745,100940,dave,36,524,male
207746,100940,walther,25,377,male
207747,100940,president,24,387,male
207748,100940,bobbi,23,410,female
207749,100940,sabatini,21,332,male
207750,100940,ambassador han,21,303,unknown
207751,100940,colonel lee,17,239,unknown
207752,100941,carter,272,4727,male
207753,100941,lee,210,2050,male
207754,100941,carter (cont'd),57,1105,unknown
207755,100941,isabella,35,596,female
207756,100941,ricky tan,25,685,unknown
207757,100941,kenny,16,294,male
207758,100941,superindendent chin,10,128,unknown
207759,100941,hu li,10,311,unknown
207760,100941,isabella (cont'd),9,184,unknown
207761,100942,max,429,0,male
207762,100942,miss cross,143,0,unknown
207763,100942,mr. blume,133,0,unknown
207764,100942,dirk,38,0,male
207765,100942,mr. fischer,27,0,unknown
207766,100942,magnus,24,0,male
207767,100942,dr. guggenheim,24,0,unknown
207768,100942,margaret,23,0,female
207769,100942,mrs. blume,11,0,unknown
207770,100943,ali,307,3334,male
207771,100943,stephanie,261,3165,female
207772,100943,martial,56,987,male
207773,100943,anna,46,876,female
207774,100943,sam,32,249,male
207775,100943,louise,25,435,female
207776,100943,richard,22,451,male
207777,100943,stephanie (off),13,162,unknown
207778,100943,cousin,13,185,male
207779,100944,sam,149,991,male
207780,100944,corey,117,940,male
207781,100944,chris,89,623,male
207782,100944,jeremy,74,626,male
207783,100944,randy,30,366,male
207784,100944,jeremy (cont'd),25,269,unknown
207785,100944,officer o'dell,23,229,unknown
207786,100944,sam (cont'd),19,106,unknown
207787,100944,chris (cont'd),18,220,unknown
207788,100945,"templar.""",1,0,unknown
207789,100945,letter opener.,1,17,unknown
207790,100945,smoky gas.,1,40,unknown
207791,100945,paramedic.,1,0,unknown
207792,100945,electrode probes.,1,0,unknown
207793,100945,please wait,1,6,unknown
207794,100945,genres,1,1,male
207795,100945,opening.,1,33,unknown
207796,100945,click.,1,0,unknown
207797,100946,danny,313,4874,male
207798,100946,jimmy,71,770,male
207799,100946,colette,66,708,female
207800,100946,tanner,55,792,male
207801,100946,pooh-bear,51,1284,male
207802,100946,garcetti,43,620,unknown
207803,100946,liz,23,287,female
207804,100946,danny/tom,23,223,unknown
207805,100946,danny (v.o.),19,1107,unknown
207806,100947,scotty,99,600,male
207807,100947,benny,88,801,male
207808,100947,ham,55,380,male
207809,100947,squints,54,578,unknown
207810,100947,(beat),50,834,unknown
207811,100947,yeah-yeah,31,327,male
207812,100947,narrator,30,765,male
207813,100947,bertram,22,119,male
207814,100947,timmy,21,91,male
207815,100948,sara,231,4051,female
207816,100948,patrick,174,3348,male
207817,100948,chenille,75,1658,female
207818,100948,roy,56,1259,male
207819,100948,malakai,43,1072,male
207820,100948,nikki,29,425,female
207821,100948,snookie,25,566,female
207822,100948,kenny,16,267,male
207823,100948,mrs. gwynn,12,221,unknown
207824,100949,pamela,250,3254,female
207825,100949,walt,116,1536,male
207826,100949,pamela (cont'd),74,1263,unknown
207827,100949,travers,62,1059,male
207828,100949,(beat),53,755,unknown
207829,100949,ralph,52,485,male
207830,100949,ginty,49,436,male
207831,100949,don,48,432,male
207832,100949,dick,40,254,male
207833,100950,miller,330,6814,male
207834,100950,reiben,116,2134,male
207835,100950,sarge,93,1114,male
207836,100950,upham,68,788,male
207837,100950,jackson,63,1088,male
207838,100950,ryan,25,355,male
207839,100950,wade,25,504,male
207840,100950,colonel anderson,16,263,unknown
207841,100950,supply sergeant,7,132,unknown
207842,100951,lawrence,198,4735,male
207843,100951,adam,137,3652,male
207844,100951,tapp,44,1132,male
207845,100951,sing,37,839,male
207846,100951,jigsaw,32,1503,male
207847,100951,alison,30,585,female
207848,100951,diana,20,452,female
207849,100951,zep,5,436,male
207850,100951,carla,5,85,female
207851,100952,tony,444,10930,male
207852,100952,lopez,60,1303,male
207853,100952,elvira,58,1025,female
207854,100952,gina,49,1177,female
207855,100952,sosa,45,1134,female
207856,100952,.,17,408,unknown
207857,100952,toad,16,300,male
207858,100952,chi-chi,16,339,female
207859,100952,omar,15,393,male
207860,100953,genres,1,1,male
207861,100953,writers,1,1,male
207862,100954,schindler,293,7659,male
207863,100954,goeth,74,2214,male
207864,100954,stern,59,1102,female
207865,100954,pfefferberg,26,497,unknown
207866,100954,goldberg,15,200,male
207867,100954,emilie,14,159,female
207868,100954,scherner,11,213,unknown
207869,100954,clerk,10,185,male
207870,100954,worker,7,116,male
207871,100955,scott,545,5792,male
207872,100955,ramona,211,2032,female
207873,100955,wallace,101,936,male
207874,100955,knives chau,85,863,unknown
207875,100955,stephen stills,72,849,unknown
207876,100955,kim pine,43,480,unknown
207877,100955,todd ingram,30,426,unknown
207878,100955,young neil,30,206,unknown
207879,100955,julie,28,354,female
207880,100956,sidney,183,2004,male
207881,100956,billy,102,1573,male
207882,100956,tatum,99,1791,female
207883,100956,man,95,1311,male
207884,100956,stu,86,1110,male
207885,100956,dewey,77,908,male
207886,100956,gale,75,1184,female
207887,100956,casey,74,462,male
207888,100956,randy,59,1110,male
207889,100957,sidney,109,811,male
207890,100957,gale,104,783,female
207891,100957,derek,66,650,male
207892,100957,hallie,64,500,female
207893,100957,dewey,62,571,male
207894,100957,cici,41,271,female
207895,100957,man's voice,38,173,unknown
207896,100957,mickey,36,251,male
207897,100957,cotton,30,335,female
207898,100958,gale,122,2018,female
207899,100958,sidney,86,1217,male
207900,100958,dewey,82,1196,male
207901,100958,detective kincaid,59,1104,unknown
207902,100958,voice,49,975,male
207903,100958,jennifer,40,513,female
207904,100958,roman,32,854,male
207905,100958,ben,32,466,male
207906,100958,sarah,27,605,female
207907,100959,somerset,268,5560,male
207908,100959,mills,238,4752,male
207909,100959,tracy,58,1048,female
207910,100959,mills (cont),48,1167,unknown
207911,100959,somerset (cont),35,901,unknown
207912,100959,captain,31,602,male
207913,100959,john doe,23,653,unknown
207914,100959,california,17,343,male
207915,100959,bleeker,13,274,male
207916,100960,ethan,230,4965,male
207917,100960,martin,158,2857,male
207918,100960,clayton,82,1741,male
207919,100960,laurie,40,986,female
207920,100960,jorgensen,37,716,male
207921,100960,mrs. jorgensen,34,702,unknown
207922,100960,aaron,32,713,male
207923,100960,mose,30,630,male
207924,100960,charlie,26,501,male
207925,100961,walter,401,4942,male
207926,100961,eharmony counselor,65,664,unknown
207927,100961,walter (cont'd),59,1421,unknown
207928,100961,ted hendricks,39,561,unknown
207929,100961,cheryl,36,307,female
207930,100961,edna,30,422,female
207931,100961,sean,21,271,male
207932,100961,mark chatham,19,203,unknown
207933,100961,odessa,17,261,female
207934,100962,jackie moon,244,3808,unknown
207935,100962,monix,197,2362,female
207936,100962,clarence,106,1263,male
207937,100962,lynn,58,748,female
207938,100962,(beat),29,604,unknown
207939,100962,commish,24,544,unknown
207940,100962,scootsie double-day,19,155,unknown
207941,100962,kyle,18,190,male
207942,100962,twiggy munson,11,101,unknown
207943,100963,elinor,222,3427,female
207944,100963,marianne,168,2997,female
207945,100963,mrs dashwood,104,1548,unknown
207946,100963,edward,77,1565,male
207947,100963,mrs jennings,75,1946,unknown
207948,100963,colonel brandon,52,1179,unknown
207949,100963,willoughby,45,1151,male
207950,100963,lucy,45,1060,female
207951,100963,margaret,45,690,female
207952,100964,mal,267,4023,male
207953,100964,the operative,82,1502,unknown
207954,100964,simon,76,846,male
207955,100964,(continuing),71,2082,unknown
207956,100964,zoe,66,882,female
207957,100964,jayne,65,1347,female
207958,100964,inara,59,609,female
207959,100964,wash,42,469,male
207960,100964,kaylee,41,691,female
207961,100965,mom,173,2954,male
207962,100965,chip,63,630,male
207963,100965,dad,62,818,male
207964,100965,misty,45,528,female
207965,100965,dottie,33,268,female
207966,100965,mrs. ackerman,30,391,unknown
207967,100965,mr. nazlerod,27,585,unknown
207968,100965,birdie,24,260,male
207969,100965,det. bradford,20,243,unknown
207970,100966,mark,278,3181,male
207971,100966,cheryl,148,2430,female
207972,100966,father brendan,63,853,unknown
207973,100966,vera,58,545,female
207974,100966,mark (v.o.),26,943,unknown
207975,100966,cheryl (cont'd),25,362,unknown
207976,100966,mark (cont'd),24,417,unknown
207977,100966,clerk,23,113,male
207978,100966,laura,21,288,female
207979,100967,knight,120,1764,male
207980,100967,jons,100,2675,male
207981,100967,jof,91,1771,male
207982,100967,mia,75,1078,female
207983,100967,death,53,508,male
207984,100967,plog,50,987,male
207985,100967,skat,30,1000,male
207986,100967,painter,18,395,male
207987,100967,raval,17,428,male
207988,100968,carrie,352,4517,female
207989,100968,samantha,162,2655,female